City_ID,City,Country,Lat,Lng,Max Temp,Humidity,Cloudiness,Wind Speed,Current Description
0,Mataura,NZ,-46.1927,168.8643,55.96,52,37,6.17,scattered clouds
1,Longyearbyen,SJ,78.2186,15.6401,39.04,70,75,14.97,broken clouds
2,Zaporizhzhya,UA,47.8167,35.1833,58.17,63,83,12.64,broken clouds
3,Iacu,BR,-12.7672,-40.2117,69.84,92,2,3.09,clear sky
4,Puerto Ayora,EC,-0.7393,-90.3518,64.54,97,98,5.01,overcast clouds
5,Airai,TL,-8.9266,125.4092,78.19,46,21,4.81,few clouds
6,Hilo,US,19.7297,-155.09,80.28,100,58,5.01,broken clouds
7,Saskylakh,RU,71.9167,114.0833,27.1,96,100,10.27,light snow
8,Khash,IR,28.2211,61.2158,71.35,4,0,7.56,clear sky
9,Albany,US,42.6001,-73.9662,47.52,80,53,9.31,broken clouds
10,Kapaa,US,22.0752,-159.319,76.1,81,95,1.01,overcast clouds
11,Fuling,CN,29.7022,107.3919,58.51,94,100,1.41,overcast clouds
12,Mar Del Plata,AR,-38.0023,-57.5575,59.09,85,100,12.66,overcast clouds
13,Saint George,US,37.1041,-113.5841,75.25,36,7,4.0,clear sky
14,Buerarema,BR,-14.9594,-39.2997,72.48,88,95,2.77,overcast clouds
15,Makakilo City,US,21.3469,-158.0858,78.57,71,75,4.61,broken clouds
16,Vila Velha,BR,-20.3297,-40.2925,76.95,83,0,8.05,clear sky
17,Avarua,CK,-21.2078,-159.775,75.25,83,20,8.05,few clouds
18,Atar,MR,20.5169,-13.0499,83.52,28,3,4.29,clear sky
19,Atuona,PF,-9.8,-139.0333,76.14,80,29,19.64,light rain
20,Marzuq,YE,14.4,46.4667,81.61,30,46,0.13,scattered clouds
21,Lorengau,PG,-2.0226,147.2712,84.76,67,80,11.32,broken clouds
22,Punta Arenas,CL,-53.15,-70.9167,39.31,75,40,23.02,scattered clouds
23,Hithadhoo,MV,-0.6,73.0833,81.36,76,28,14.32,scattered clouds
24,Hobart,AU,-42.8794,147.3294,55.26,56,75,10.36,broken clouds
25,Dikson,RU,73.5069,80.5464,30.88,93,100,12.84,overcast clouds
26,Bilma,NE,18.6853,12.9164,78.55,26,50,11.05,scattered clouds
27,Tiksi,RU,71.6872,128.8694,23.18,89,92,14.52,overcast clouds
28,Poum,NC,-20.2333,164.0167,77.2,76,35,8.34,scattered clouds
29,Kismayo,SO,-0.3582,42.5454,80.31,72,81,16.62,broken clouds
30,Yellowknife,CA,62.456,-114.3525,39.72,100,40,9.22,scattered clouds
31,Chicama,PE,-7.8447,-79.1469,57.74,85,90,6.08,overcast clouds
32,Orange Cove,US,36.6244,-119.3137,79.61,52,0,3.44,clear sky
33,Ponta Do Sol,PT,32.6667,-17.1,72.23,83,20,6.71,few clouds
34,Mazyr,BY,52.0495,29.2456,46.81,77,15,7.99,few clouds
35,Port Elizabeth,ZA,-33.918,25.5701,64.31,78,95,3.0,overcast clouds
36,Bubaque,GW,11.2833,-15.8333,81.68,77,97,8.88,light rain
37,Cape Town,ZA,-33.9258,18.4232,63.37,78,0,9.22,clear sky
38,Busselton,AU,-33.65,115.3333,62.67,53,31,10.22,scattered clouds
39,Khatanga,RU,71.9667,102.5,26.44,96,100,12.24,light snow
40,Lagoa,PT,39.05,-27.9833,69.69,83,45,9.01,scattered clouds
41,Saint-Pierre,RE,-21.3393,55.4781,78.57,53,0,5.75,clear sky
42,Nizwa,OM,22.9333,57.5333,89.94,14,0,3.42,clear sky
43,Ushuaia,AR,-54.8,-68.3,37.06,87,75,6.91,light intensity drizzle
44,Mahibadhoo,MV,3.7833,72.9667,82.62,71,97,15.86,overcast clouds
45,Provideniya,RU,64.3833,-173.3,33.8,70,86,6.31,overcast clouds
46,Bredasdorp,ZA,-34.5322,20.0403,57.96,73,100,2.04,overcast clouds
47,Hermanus,ZA,-34.4187,19.2345,57.79,66,99,4.18,overcast clouds
48,Laguna,US,38.421,-121.4238,77.18,59,0,0.0,clear sky
49,Ahipara,NZ,-35.1667,173.1667,56.97,71,100,9.6,overcast clouds
50,Rikitea,PF,-23.1203,-134.9692,71.06,69,10,22.24,clear sky
51,Havre-Saint-Pierre,CA,50.2334,-63.5986,44.96,100,100,18.41,overcast clouds
52,Goderich,CA,43.7501,-81.7165,47.91,70,100,13.8,overcast clouds
53,Kruisfontein,ZA,-34.0033,24.7314,61.88,55,88,6.91,overcast clouds
54,San Patricio,US,28.017,-97.5169,78.84,63,100,1.5,overcast clouds
55,Tuktoyaktuk,CA,69.4541,-133.0374,35.6,93,75,10.36,broken clouds
56,Butaritari,KI,3.0707,172.7902,81.14,78,83,11.86,light rain
57,Sao Leopoldo,BR,-29.7603,-51.1472,60.4,90,0,1.01,clear sky
58,Olutanga,PH,7.3106,122.8464,83.95,69,40,4.59,scattered clouds
59,Cabo San Lucas,MX,22.8909,-109.9124,76.6,71,0,4.9,clear sky
60,Sitka,US,57.0531,-135.33,54.59,94,92,1.97,overcast clouds
61,Ayagoz,KZ,47.9714,80.4392,68.77,16,0,12.39,clear sky
62,Saint-Augustin,CA,51.226,-58.6502,42.35,88,100,18.9,overcast clouds
63,Mount Isa,AU,-20.7333,139.5,89.37,31,40,17.27,scattered clouds
64,Barrow,US,71.2906,-156.7887,33.82,80,100,25.32,mist
65,Georgetown,MY,5.4112,100.3354,85.89,78,20,8.05,few clouds
66,Sayla,IN,22.55,71.4667,84.67,62,97,5.77,overcast clouds
67,Coalinga,US,36.1397,-120.3602,79.12,26,0,4.45,clear sky
68,Bluff,NZ,-46.6,168.3333,54.05,66,49,5.12,scattered clouds
69,Bandarbeyla,SO,9.4942,50.8122,84.45,62,16,16.98,few clouds
70,Chapleau,CA,47.8405,-83.4034,30.58,88,44,8.77,scattered clouds
71,Vinh Long,VN,10.25,105.9667,76.98,96,100,6.82,moderate rain
72,Vaini,TO,-21.2,-175.2,75.36,88,75,12.66,broken clouds
73,Ribeira Grande,PT,38.5167,-28.7,70.77,82,16,5.46,few clouds
74,Besikduzu,TR,41.052,39.2284,66.09,78,100,1.59,overcast clouds
75,Nunoa,PE,-14.48,-70.6411,40.53,70,8,1.9,clear sky
76,Byron Bay,AU,-28.65,153.6167,77.94,74,89,15.26,overcast clouds
77,Pangnirtung,CA,66.1451,-65.7125,24.76,82,100,1.54,overcast clouds
78,Mount Gambier,AU,-37.8333,140.7667,54.77,51,49,8.37,scattered clouds
79,Los Llanos De Aridane,ES,28.6585,-17.9182,69.55,70,100,16.11,overcast clouds
80,Cody,US,44.5263,-109.0565,47.01,76,0,2.19,clear sky
81,Fare,PF,-16.7,-151.0167,78.12,77,8,17.78,light rain
82,Rocha,UY,-34.4833,-54.3333,57.94,57,28,14.36,scattered clouds
83,Katherine,AU,-14.4667,132.2667,101.08,26,80,5.55,light rain
84,Morondava,MG,-20.2833,44.2833,80.6,68,36,4.52,scattered clouds
85,Carnarvon,AU,-24.8667,113.6333,77.23,39,18,16.17,few clouds
86,Klaksvik,FO,62.2266,-6.589,45.52,74,100,10.49,overcast clouds
87,Taoudenni,ML,22.6783,-3.9836,89.51,19,71,10.74,broken clouds
88,Ostrovnoy,RU,68.0531,39.5131,43.45,91,98,19.28,light rain
89,Pevek,RU,69.7008,170.3133,26.67,64,100,27.51,overcast clouds
90,Nanortalik,GL,60.1432,-45.2371,35.22,84,93,22.5,overcast clouds
91,Namatanai,PG,-3.6667,152.4333,83.84,68,36,11.56,scattered clouds
92,Cidreira,BR,-30.1811,-50.2056,58.17,82,30,7.61,scattered clouds
93,Saint-Philippe,RE,-21.3585,55.7679,76.59,68,27,11.52,scattered clouds
94,Wau,SS,7.7029,27.9953,73.6,86,95,7.0,overcast clouds
95,Tasiilaq,GL,65.6145,-37.6368,28.58,86,100,6.8,overcast clouds
96,Great Falls,US,47.5002,-111.3008,51.67,70,6,2.82,clear sky
97,Urusha,RU,54.05,122.9,37.8,32,47,7.09,scattered clouds
98,Bathsheba,BB,13.2167,-59.5167,81.21,78,40,18.41,scattered clouds
99,Tupik,RU,54.4253,119.9327,37.02,47,75,3.11,broken clouds
100,New Norfolk,AU,-42.7826,147.0587,54.9,66,95,3.0,overcast clouds
101,Guadalupe Y Calvo,MX,26.1,-106.9667,46.27,71,0,5.75,clear sky
102,Playas,EC,-2.6333,-80.3833,69.12,84,100,11.21,overcast clouds
103,Kralendijk,BQ,12.15,-68.2667,83.32,78,79,22.77,broken clouds
104,Kualakapuas,ID,-3.0091,114.3876,86.22,69,100,2.84,light rain
105,East London,ZA,-33.0153,27.9116,63.54,77,0,6.91,clear sky
106,Davidson,US,36.1501,-86.7833,57.51,57,0,13.0,clear sky
107,Victoria,HK,22.2855,114.1577,87.96,69,27,3.0,scattered clouds
108,Coihaique,CL,-45.5752,-72.0662,33.75,80,0,3.44,clear sky
109,Chumikan,RU,54.7183,135.315,38.12,37,82,2.84,broken clouds
110,Inhambane,MZ,-23.865,35.3833,77.0,94,20,7.0,few clouds
111,San Quintin,MX,30.4833,-115.95,69.33,83,83,7.45,broken clouds
112,Vila Do Maio,CV,15.1333,-23.2167,79.59,76,85,9.69,overcast clouds
113,Geraldton,AU,-28.7667,114.6,79.21,24,0,14.97,clear sky
114,Quixeramobim,BR,-5.1992,-39.2928,74.34,86,8,4.56,clear sky
115,Bengkulu,ID,-3.8004,102.2655,80.53,69,100,3.11,overcast clouds
116,Abu Zabad,SD,12.35,29.25,80.78,60,82,9.28,broken clouds
117,Makoshyne,UA,51.46,32.3396,49.08,80,7,4.68,clear sky
118,Kapuskasing,CA,49.4169,-82.4331,32.09,86,100,10.36,overcast clouds
119,Nikolskoye,RU,59.7035,30.7861,48.79,73,73,12.46,broken clouds
120,Sao Joao Da Barra,BR,-21.6403,-41.0511,74.7,82,90,6.35,overcast clouds
121,Torbay,CA,47.6666,-52.7314,50.58,93,100,11.5,overcast clouds
122,Naron,ES,43.5167,-8.1528,62.02,84,77,12.64,broken clouds
123,Ola,RU,59.5833,151.2833,35.15,69,94,1.63,overcast clouds
124,Pelotas,BR,-31.7719,-52.3425,54.16,82,1,5.14,clear sky
125,Abu Kamal,SY,34.4506,40.9171,82.33,35,4,10.42,clear sky
126,El Alto,PE,-4.2714,-81.2147,64.2,79,84,15.73,broken clouds
127,Luang Prabang,LA,19.8856,102.1347,87.76,62,40,4.61,scattered clouds
128,Richards Bay,ZA,-28.783,32.0377,73.13,60,70,4.07,broken clouds
129,Thompson,CA,55.7435,-97.8558,28.56,93,40,0.0,scattered clouds
130,Bethel,US,41.3712,-73.414,53.89,77,84,1.01,broken clouds
131,Bardiyah,LY,31.7561,25.0865,71.35,63,4,6.08,clear sky
132,Kodiak,US,57.79,-152.4072,51.31,100,100,0.0,mist
133,Port Blair,IN,11.6667,92.75,84.24,79,40,5.75,scattered clouds
134,Lompoc,US,34.6391,-120.4579,57.52,96,100,3.44,overcast clouds
135,Campbellsville,US,37.3434,-85.3419,44.71,59,0,6.29,clear sky
136,Sulangan,PH,11.1373,123.7228,84.92,69,100,7.87,overcast clouds
137,Umm Lajj,SA,25.0213,37.2685,86.76,61,3,11.61,clear sky
138,Mahebourg,MU,-20.4081,57.7,76.24,64,40,12.66,scattered clouds
139,Pangody,RU,65.85,74.4859,38.73,98,100,7.38,light rain
140,Kahului,US,20.8947,-156.47,76.96,94,87,7.0,overcast clouds
141,Sao Filipe,CV,14.8961,-24.4956,78.39,82,33,7.2,scattered clouds
142,Hofn,IS,64.2539,-15.2082,40.1,78,100,8.28,overcast clouds
143,Kargopol,RU,61.5071,38.9456,48.72,89,100,10.98,overcast clouds
144,Isangel,VU,-19.55,169.2667,82.51,74,75,11.5,broken clouds
145,Svetlyy,RU,54.675,20.1347,48.25,79,98,11.48,overcast clouds
146,Mackenzie,CA,55.2999,-123.1698,41.22,93,0,2.3,clear sky
147,Bushehr,IR,28.9684,50.8385,86.09,51,0,0.0,clear sky
148,Kamina,CD,-8.7386,24.9906,73.99,62,0,2.37,clear sky
149,Davila,PH,18.4726,120.5763,89.58,66,28,18.21,scattered clouds
150,Clyde River,CA,70.4692,-68.5914,21.43,79,100,10.36,overcast clouds
151,Mayumba,GA,-3.432,10.6554,75.7,86,97,0.76,overcast clouds
152,Oil City,US,41.4339,-79.7064,44.58,94,100,4.61,overcast clouds
153,Saint-Denis,FR,48.9167,2.3333,53.11,91,20,8.05,few clouds
154,Yumen,CN,40.2833,97.2,49.24,14,11,17.83,few clouds
155,Nemuro,JP,43.3236,145.575,53.01,63,55,14.94,broken clouds
156,Cherskiy,RU,68.75,161.3,23.31,82,100,23.62,overcast clouds
157,Shingu,JP,33.7333,135.9833,72.14,54,100,0.4,overcast clouds
158,Biel,CH,47.1324,7.2441,60.73,96,100,0.0,mist
159,San Carlos De Bariloche,AR,-41.1456,-71.3082,33.55,60,20,0.0,few clouds
160,Manokwari,ID,-0.8667,134.0833,84.11,69,77,6.33,broken clouds
161,Talnakh,RU,69.4865,88.3972,33.21,96,100,11.27,light snow
162,Jauharabad,PK,32.2898,72.2813,89.56,35,0,2.82,clear sky
163,Sinjai,ID,-5.1241,120.253,87.21,67,45,9.57,scattered clouds
164,Kedrovyy,RU,56.1667,91.8167,46.87,55,94,7.87,overcast clouds
165,Esperance,AU,-33.8667,121.9,68.83,39,97,4.47,overcast clouds
166,Chokurdakh,RU,70.6333,147.9167,24.12,88,100,22.7,light snow
167,Tazmalt,DZ,36.3868,4.3989,66.36,75,32,5.23,scattered clouds
168,Keffi,NG,8.8486,7.8736,70.39,95,100,0.96,overcast clouds
169,Faanui,PF,-16.4833,-151.75,78.31,77,9,18.41,light rain
170,Shelburne,CA,44.0787,-80.2041,36.36,91,56,6.98,broken clouds
171,Tilichiki,RU,60.4667,166.1,29.7,64,85,10.71,overcast clouds
172,Kaitangata,NZ,-46.2817,169.8464,53.53,69,41,5.46,scattered clouds
173,Yar-Sale,RU,66.8333,70.8333,40.03,92,100,5.68,overcast clouds
174,Cabedelo,BR,-6.9811,-34.8339,74.07,83,1,10.0,clear sky
175,Ukmerge,LT,55.25,24.75,51.67,77,71,13.18,broken clouds
176,Amahai,ID,-3.3333,128.9167,84.25,73,35,6.85,light rain
177,Tongliao,CN,43.6125,122.2653,55.35,72,100,11.14,light rain
178,Khasan,RU,42.4308,130.6434,56.79,56,68,12.66,broken clouds
179,Bosaso,SO,11.2842,49.1816,87.78,51,20,6.91,few clouds
180,Barbosa Ferraz,BR,-24.03,-52.0117,52.7,93,0,2.64,clear sky
181,Walvis Bay,NA,-22.9575,14.5053,56.35,88,100,9.22,overcast clouds
182,Hay River,CA,60.8156,-115.7999,42.78,70,40,3.44,scattered clouds
183,Mangrul Pir,IN,20.3167,77.35,82.0,71,72,10.27,broken clouds
184,Nha Trang,VN,12.25,109.1833,75.2,80,100,6.8,moderate rain
185,Jamestown,US,42.097,-79.2353,43.72,71,75,5.75,broken clouds
186,Abu Samrah,SY,35.3029,37.1841,70.75,52,0,8.93,clear sky
187,Port Alfred,ZA,-33.5906,26.891,65.17,77,88,1.99,overcast clouds
188,Baracoa,CU,20.3467,-74.4958,80.94,81,61,12.62,broken clouds
189,Upernavik,GL,72.7868,-56.1549,16.88,80,100,6.31,overcast clouds
190,Bambanglipuro,ID,-7.95,110.2833,81.61,77,100,6.67,overcast clouds
191,Vanavara,RU,60.34,102.2797,35.74,74,100,10.25,overcast clouds
192,Jumla,NP,29.2747,82.1838,58.08,93,100,4.56,overcast clouds
193,Sorland,NO,67.667,12.6934,44.46,85,100,14.25,light rain
194,Murray Bridge,AU,-35.1167,139.2667,55.13,46,54,13.8,broken clouds
195,Sechura,PE,-5.5569,-80.8222,63.21,84,98,11.54,overcast clouds
196,Baghdad,IQ,33.3406,44.4009,80.51,26,0,0.0,clear sky
197,Nouadhibou,MR,20.931,-17.0347,67.98,94,3,11.5,clear sky
198,Porto Novo,BJ,6.4965,2.6036,76.82,94,95,2.39,light rain
199,Qasigiannguit,GL,68.8193,-51.1922,21.42,90,100,2.55,overcast clouds
200,Tenali,IN,16.2425,80.6398,87.89,81,91,6.24,overcast clouds
201,Camana,PE,-16.6228,-72.7111,58.68,83,7,4.74,clear sky
202,Kirensk,RU,57.7853,108.1119,37.04,63,100,9.8,overcast clouds
203,Vao,NC,-22.6667,167.4833,72.45,83,52,25.75,broken clouds
204,Severo-Kurilsk,RU,50.6789,156.125,44.58,58,98,1.1,overcast clouds
205,Lata,PT,40.1629,-8.3327,61.81,68,26,2.68,scattered clouds
206,Gamba,GA,-2.65,10.0,74.91,88,71,2.57,broken clouds
207,Grindavik,IS,63.8424,-22.4338,43.27,93,100,17.27,light rain
208,Vanimo,PG,-2.6741,141.3028,85.3,70,67,8.48,broken clouds
209,Santa Marta De Tormes,ES,40.9506,-5.6272,54.99,83,65,1.14,broken clouds
210,Dalaba,GN,10.7,-12.25,60.31,94,87,2.46,light rain
211,Norman Wells,CA,65.282,-126.8329,46.18,70,71,5.97,broken clouds
212,Necochea,AR,-38.5473,-58.7368,56.39,86,100,18.23,overcast clouds
213,Birjand,IR,32.8663,59.2211,68.94,3,0,6.8,clear sky
214,Wunsiedel,DE,50.0333,12.0167,52.75,96,100,1.99,overcast clouds
215,Sioux Lookout,CA,50.1001,-91.917,42.87,56,100,10.36,overcast clouds
216,Grootfontein,NA,-19.5667,18.1167,73.18,17,0,7.9,clear sky
217,Gospic,HR,44.5461,15.3747,46.09,73,100,1.5,overcast clouds
218,Meulaboh,ID,4.1363,96.1285,79.95,69,100,1.88,overcast clouds
219,Port-Cartier,CA,50.0334,-66.8654,46.74,99,100,7.2,overcast clouds
220,Lima,PE,-12.0432,-77.0282,57.9,86,54,5.37,broken clouds
221,Bac Lieu,VN,9.285,105.7244,75.11,95,100,1.01,moderate rain
222,Maxixe,MZ,-23.8597,35.3472,77.59,70,100,11.39,overcast clouds
223,Yulara,AU,-25.2406,130.9889,75.11,21,0,11.39,clear sky
224,Stornoway,GB,58.2093,-6.3865,44.56,91,40,8.05,scattered clouds
225,Korla,CN,41.7597,86.1469,69.24,22,0,6.98,clear sky
226,Karratha,AU,-20.7377,116.8463,87.21,29,53,18.41,broken clouds
227,Lebu,CL,-37.6167,-73.65,45.88,71,48,14.5,scattered clouds
228,Caravelas,BR,-17.7125,-39.2481,74.28,89,77,10.74,broken clouds
229,Mazatlan,MX,23.2167,-106.4167,81.91,89,7,3.98,clear sky
230,Jijiga,ET,9.35,42.8,70.3,57,11,4.41,few clouds
231,Tabou,CI,4.423,-7.3528,75.81,90,72,5.73,broken clouds
232,Eyemouth,GB,55.8713,-2.0901,45.23,79,15,16.64,few clouds
233,Erzin,TR,36.9559,36.2,72.14,63,26,4.47,light rain
234,Zhangjiakou,CN,40.81,114.8794,62.47,18,100,14.47,overcast clouds
235,Fort Nelson,CA,58.8053,-122.7002,50.02,59,85,2.84,overcast clouds
236,Russell,US,32.3502,-85.1999,69.01,64,62,6.22,broken clouds
237,Slave Lake,CA,55.2834,-114.769,42.78,93,0,0.0,clear sky
238,Jardim,BR,-21.4803,-56.1381,58.77,82,0,3.22,clear sky
239,Galveston,US,29.3669,-94.9669,77.05,79,100,5.7,overcast clouds
240,Nagai,JP,38.1036,140.035,62.22,64,46,6.44,scattered clouds
241,Trenggalek,ID,-8.05,111.7167,82.11,81,100,6.38,overcast clouds
242,Mandalgovi,MN,45.7625,106.2708,26.55,68,100,22.44,overcast clouds
243,Taltal,CL,-25.4,-70.4833,56.37,84,27,0.65,scattered clouds
244,Lecce,IT,40.2167,18.1667,67.86,72,80,2.39,broken clouds
245,Tuatapere,NZ,-46.1333,167.6833,54.72,62,60,5.57,broken clouds
246,Pangkalanbuun,ID,-2.6833,111.6167,84.29,73,100,4.54,moderate rain
247,Castro,BR,-24.7911,-50.0119,47.46,94,14,0.92,few clouds
248,Bonavista,CA,48.6499,-53.1147,48.36,89,100,13.09,overcast clouds
249,Effingham,US,32.3669,-81.3332,60.89,76,20,3.09,few clouds
250,Birin,NP,26.8865,88.0718,69.19,82,61,4.45,broken clouds
251,Nara,JP,34.6851,135.8049,69.49,36,100,10.54,overcast clouds
252,Abay,KZ,49.6311,72.8539,68.38,25,100,20.09,overcast clouds
253,Nuuk,GL,64.1835,-51.7216,32.61,93,75,1.14,broken clouds
254,Ust-Kut,RU,56.7938,105.7672,36.19,63,92,7.18,overcast clouds
255,Ipojuca,BR,-8.3989,-35.0639,73.31,91,9,4.38,clear sky
256,Sibolga,ID,1.7427,98.7792,86.13,60,91,3.76,overcast clouds
257,Itarema,BR,-2.9248,-39.9167,77.56,82,4,12.86,clear sky
258,Opuwo,NA,-18.0607,13.84,75.0,23,68,2.68,broken clouds
259,Port Hardy,CA,50.6996,-127.4199,55.15,94,18,2.26,few clouds
260,Pacifica,US,37.6138,-122.4869,67.93,90,20,11.5,fog
261,Najran,SA,17.4924,44.1277,80.85,15,41,6.22,scattered clouds
262,Katangli,RU,51.7102,143.2326,43.03,49,48,5.39,scattered clouds
263,Havoysund,NO,70.9963,24.6622,43.03,77,84,12.91,broken clouds
264,Santa Maria,BR,-29.6842,-53.8069,54.57,80,0,5.5,clear sky
265,Sungaipenuh,ID,-2.0833,101.3833,75.54,61,98,4.23,overcast clouds
266,Codrington,AU,-38.2667,141.9667,53.49,56,45,15.03,scattered clouds
267,Antalaha,MG,-14.9003,50.2788,74.05,75,73,12.35,light rain
268,Gold Coast,AU,-28.0,153.4333,77.0,70,100,17.27,overcast clouds
269,Mareeba,AU,-17.0,145.4333,87.44,62,96,9.8,overcast clouds
270,Antofagasta,CL,-23.65,-70.4,58.28,85,29,2.35,scattered clouds
271,Xuddur,SO,4.1213,43.8894,79.95,54,62,17.47,broken clouds
272,Hamilton,US,39.1834,-84.5333,43.77,85,0,5.48,clear sky
273,Uvat,RU,59.1433,68.8953,45.86,83,83,6.53,broken clouds
274,Oktyabrskiy,RU,54.4815,53.471,48.49,86,100,12.06,overcast clouds
275,Sukumo,JP,32.9333,132.7333,71.33,63,91,3.31,overcast clouds
276,Kavieng,PG,-2.5744,150.7967,84.31,68,98,12.5,overcast clouds
277,Chuy,UY,-33.6971,-53.4616,54.37,78,20,10.09,few clouds
278,Maldonado,UY,-34.6667,-54.9167,61.41,45,60,16.62,broken clouds
279,Manggar,ID,-2.8833,108.2667,76.39,87,100,7.61,overcast clouds
280,Fortuna,US,40.5982,-124.1573,56.35,83,19,4.12,light rain
281,Calama,CL,-22.4667,-68.9333,49.6,15,0,6.44,clear sky
282,Zhangye,CN,38.9342,100.4517,48.61,14,4,15.03,clear sky
283,Havelock,US,34.8791,-76.9013,71.94,88,30,5.64,scattered clouds
284,Augusto Correa,BR,-1.0217,-46.635,75.25,89,2,2.73,clear sky
285,Salalah,OM,17.0151,54.0924,82.65,53,18,4.79,few clouds
286,Ilulissat,GL,69.2167,-51.1,28.42,74,100,0.0,overcast clouds
287,Arraial Do Cabo,BR,-22.9661,-42.0278,71.06,93,88,9.93,overcast clouds
288,Lyman,UA,48.9884,37.8023,54.46,68,3,9.78,clear sky
289,Deshnok,IN,27.7986,73.3447,88.61,44,78,10.56,broken clouds
290,Porto Walter,BR,-8.2686,-72.7439,69.96,100,100,2.21,moderate rain
291,Plaeng Yao,TH,13.5847,101.284,91.15,67,95,6.15,overcast clouds
292,Moron,AR,-34.6534,-58.6198,69.03,62,79,8.12,broken clouds
293,Souillac,MU,-20.5167,57.5167,73.04,62,57,15.48,broken clouds
294,Shimoda,JP,34.6667,138.95,70.05,66,100,14.09,overcast clouds
295,Narsaq,GL,60.9167,-46.05,32.22,80,45,6.4,scattered clouds
296,Genhe,CN,50.7833,121.5167,40.77,41,98,5.68,overcast clouds
297,Sao Felix Do Xingu,BR,-6.6447,-51.995,73.17,65,24,0.6,few clouds
298,Krasnoborsk,RU,61.5598,45.934,47.25,83,82,10.38,broken clouds
299,Srisailam,IN,16.0833,78.8667,81.23,75,89,1.05,moderate rain
300,Mashhad,IR,36.297,59.6062,68.14,40,0,4.61,clear sky
301,Pisco,PE,-13.7,-76.2167,57.22,92,8,2.89,clear sky
302,Ban Nahin,LA,18.2418,104.2122,94.39,43,31,2.04,scattered clouds
303,Solnechnyy,RU,50.7214,136.6319,40.41,61,87,4.07,overcast clouds
304,Natal,BR,-5.795,-35.2094,72.25,100,40,4.61,scattered clouds
305,Yambio,SS,4.5721,28.3955,70.86,94,100,1.9,overcast clouds
306,Auki,SB,-8.7676,160.7034,82.8,65,83,0.78,broken clouds
307,Flinders,AU,-34.5833,150.8552,64.18,90,100,5.01,moderate rain
308,Boden,SE,65.8252,21.6886,44.6,91,79,5.3,broken clouds
309,Itoman,JP,26.1247,127.6694,82.42,65,75,20.71,light intensity shower rain
310,Half Moon Bay,US,37.4636,-122.4286,66.02,88,100,11.5,fog
311,Pravdinsk,RU,54.4429,21.0179,53.85,90,100,7.49,overcast clouds
312,Aklavik,CA,68.2191,-135.0107,39.51,59,73,21.47,broken clouds
313,Porto Torres,IT,40.835,8.3972,57.38,76,67,3.83,broken clouds
314,Bambous Virieux,MU,-20.3428,57.7575,76.21,64,80,15.37,broken clouds
315,Chervona Sloboda,UA,49.3789,32.1464,52.88,74,2,5.75,clear sky
316,Leningradskiy,RU,69.3833,178.4167,20.26,75,82,8.55,broken clouds
317,Cape Canaveral,US,28.4058,-80.6048,75.97,84,0,0.0,clear sky
318,Rengo,CL,-34.4167,-70.8667,51.87,94,84,2.19,broken clouds
319,North Platte,US,41.1239,-100.7654,42.39,90,22,5.01,few clouds
320,Clarence Town,AU,-32.5833,151.7833,67.86,98,98,3.83,light rain
321,Kathu,TH,7.9178,98.3332,85.82,71,99,0.47,overcast clouds
322,Nantucket,US,41.2835,-70.0995,60.15,79,36,16.89,scattered clouds
323,Gorontalo,ID,0.5412,123.0595,85.57,74,87,3.4,overcast clouds
324,Maceio,BR,-9.6658,-35.7353,72.84,94,75,2.3,broken clouds
325,Majene,ID,-3.5403,118.9707,82.36,81,99,4.41,overcast clouds
326,Namibe,AO,-15.1961,12.1522,67.41,89,48,2.13,scattered clouds
327,Oum Hadjer,TD,13.2954,19.6966,82.89,53,65,7.11,broken clouds
328,Dawlatabad,AF,36.4141,64.9053,70.0,11,1,3.96,clear sky
329,Capitan Bado,PY,-23.2667,-55.5333,55.74,89,0,6.6,clear sky
330,San Cristobal,VE,7.7669,-72.225,64.09,97,92,2.84,overcast clouds
331,Venezuela,VE,8.0,-66.0,77.16,84,36,8.23,scattered clouds
332,Nouakchott,MR,18.0858,-15.9785,75.13,72,48,10.78,scattered clouds
333,Jawhar,SO,2.7809,45.5005,84.24,54,40,15.77,scattered clouds
334,Merauke,ID,-8.4667,140.3333,83.48,80,56,16.24,broken clouds
335,Coquimbo,CL,-29.9533,-71.3436,56.55,89,29,4.59,scattered clouds
336,Rapina,EE,58.0981,27.4636,48.69,75,100,13.47,overcast clouds
337,Llangefni,GB,53.2556,-4.3106,53.73,76,40,14.97,scattered clouds
338,Koutiala,ML,12.3917,-5.4642,74.39,78,69,4.92,broken clouds
339,Katsuura,JP,35.1333,140.3,69.42,64,100,13.65,overcast clouds
340,Lesogorskiy,RU,61.0455,28.9294,52.63,85,100,15.68,overcast clouds
341,Qaanaaq,GL,77.484,-69.3632,5.59,69,7,8.66,clear sky
342,Santa Cruz,BO,-17.8,-63.1667,65.66,88,1,4.61,clear sky
343,Brae,GB,60.3964,-1.353,47.25,71,99,16.62,overcast clouds
344,Ulaangom,MN,49.9811,92.0667,44.92,31,7,14.97,clear sky
345,Jurm,AF,36.8648,70.8342,64.8,16,0,3.58,clear sky
346,Singleton,AU,-32.5667,151.1833,69.93,92,100,2.35,light rain
347,Hami,CN,42.8,93.45,62.83,12,0,19.42,clear sky
348,Rafai,CF,4.95,23.9167,68.83,99,100,0.83,moderate rain
349,Nome,US,64.5011,-165.4064,33.12,92,67,5.7,broken clouds
350,Businga,CD,3.3333,20.8833,70.81,99,100,0.72,overcast clouds
351,Mogilno,PL,52.6581,17.9558,57.0,93,100,7.49,overcast clouds
352,Soyo,AO,-6.1349,12.3689,76.01,83,78,4.68,broken clouds
353,Zhezkazgan,KZ,47.8043,67.7144,62.58,13,0,8.95,clear sky
354,Bilibino,RU,68.0546,166.4372,13.69,95,100,9.04,light snow
355,Hovd,MN,48.0056,91.6419,41.25,38,7,6.26,clear sky
356,Porto Velho,BR,-8.7619,-63.9039,75.25,88,0,3.44,clear sky
357,Coffs Harbour,AU,-30.3,153.1333,78.13,78,89,19.57,overcast clouds
358,Portland,US,45.5234,-122.6762,70.25,79,0,5.01,clear sky
359,Pimentel,PE,-6.8367,-79.9342,61.66,89,100,13.47,overcast clouds
360,Mehamn,NO,71.0357,27.8492,40.91,81,30,9.22,scattered clouds
361,Mitu,CO,1.1983,-70.1733,70.2,99,80,2.26,broken clouds
362,Polis,CY,35.0367,32.4264,70.29,80,0,4.32,clear sky
363,Henties Bay,NA,-22.116,14.2845,57.67,82,90,6.96,overcast clouds
364,Avera,US,33.194,-82.5271,65.37,60,18,6.8,few clouds
365,Belyy Yar,RU,53.6039,91.3903,44.49,57,0,4.47,clear sky
366,Husavik,IS,66.0449,-17.3389,35.04,84,100,6.53,overcast clouds
367,Yatou,CN,37.15,122.3833,64.15,49,2,11.07,clear sky
368,Cap Malheureux,MU,-19.9842,57.6142,76.46,62,58,11.01,broken clouds
369,Acajutla,SV,13.5928,-89.8275,78.48,75,67,6.22,broken clouds
370,Coahuayana,MX,18.7333,-103.6833,75.94,89,42,3.31,scattered clouds
371,Moa,CU,20.6569,-74.9403,82.24,74,44,15.82,scattered clouds
372,Mpika,ZM,-11.8343,31.4529,72.05,25,0,15.41,clear sky
373,Presidencia Roque Saenz Pena,AR,-26.7852,-60.4388,60.04,48,1,9.31,clear sky
374,Port-Gentil,GA,-0.7193,8.7815,75.16,100,75,2.3,broken clouds
375,Garowe,SO,8.4054,48.4845,81.36,54,88,15.97,overcast clouds
376,Porto Santo,PT,33.072,-16.3415,70.18,78,75,11.5,broken clouds
377,La Ronge,CA,55.1001,-105.2842,46.9,67,94,5.75,overcast clouds
378,Lasa,IT,46.6166,10.7002,53.85,70,39,1.95,scattered clouds
379,Ahuimanu,US,21.4447,-157.8378,79.75,78,56,5.57,broken clouds
380,Borogontsy,RU,62.6683,131.1683,28.29,45,86,7.47,overcast clouds
381,San Andres,CO,12.5847,-81.7006,75.22,94,100,2.3,overcast clouds
382,Dekar,BW,-21.5333,21.9333,79.48,17,0,9.95,clear sky
383,Mantua,IT,45.1667,10.7833,54.64,77,33,2.42,scattered clouds
384,Chifeng,CN,42.2683,118.9636,60.49,49,99,16.35,overcast clouds
385,Saldanha,ZA,-33.0117,17.9442,61.02,81,81,15.28,broken clouds
386,Areka,ET,7.0667,37.7,65.53,81,60,3.33,light rain
387,Aipe,CO,3.2222,-75.2367,75.67,75,96,2.89,light rain
388,Kattivakkam,IN,13.2167,80.3167,89.69,80,100,2.89,overcast clouds
389,Ambulu,ID,-8.345,113.6058,83.25,76,97,7.96,overcast clouds
390,Touros,BR,-5.1989,-35.4608,76.35,82,0,13.67,clear sky
391,Piacabucu,BR,-10.4056,-36.4344,75.58,81,15,9.95,few clouds
392,Omboue,GA,-1.5746,9.2618,73.94,89,85,2.42,overcast clouds
393,Constitucion,CL,-35.3333,-72.4167,50.56,81,71,8.5,broken clouds
394,Bose,IT,45.4612,8.0137,58.28,77,18,2.66,few clouds
395,Juan Lacaze,UY,-34.4342,-57.4381,62.11,53,76,21.56,light rain
396,Chara,RU,56.9064,118.2631,32.43,52,67,4.41,broken clouds
397,Zalantun,CN,48.0,122.7167,46.78,29,100,7.58,overcast clouds
398,Ranghulu,CN,46.65,124.8667,47.34,32,100,6.85,overcast clouds
399,Verkhneuralsk,RU,53.8769,59.2106,46.87,63,100,13.58,overcast clouds
400,Aconibe,GQ,1.2968,10.9369,65.21,98,100,1.43,overcast clouds
401,Tahara,JP,34.6667,137.2667,75.94,2,100,9.4,overcast clouds
402,Ancud,CL,-41.8697,-73.8203,41.58,73,6,11.39,clear sky
403,Tacuarembo,UY,-31.7333,-55.9833,52.84,72,0,7.54,clear sky
404,Abu Dhabi,AE,24.4667,54.3667,91.96,33,0,10.42,clear sky
405,Cacoal,BR,-11.4386,-61.4472,71.47,95,100,0.67,moderate rain
406,Mocoa,CO,1.1493,-76.6466,68.38,96,98,3.6,overcast clouds
407,Marsh Harbour,BS,26.5412,-77.0636,80.69,76,27,16.35,scattered clouds
408,Dunedin,NZ,-45.8742,170.5036,52.99,75,39,8.72,scattered clouds
409,Chabahar,IR,25.2919,60.643,86.22,49,0,1.95,clear sky
410,Margate,GB,51.3813,1.3862,50.7,84,0,1.99,clear sky
411,Moose Factory,CA,51.2585,-80.6094,37.09,64,97,11.74,overcast clouds
412,Kohima,IN,25.6667,94.1167,75.97,68,13,4.27,few clouds
413,Lahad Datu,MY,5.0268,118.327,84.81,70,100,5.14,overcast clouds
414,Exeter,GB,50.7236,-3.5275,48.85,95,0,3.44,clear sky
415,Port Lincoln,AU,-34.7333,135.8667,57.7,55,50,12.26,scattered clouds
416,Nador,MA,35.174,-2.9287,71.85,88,75,5.75,broken clouds
417,Bud,US,39.447,-86.1758,44.67,84,5,5.35,clear sky
418,Iqaluit,CA,63.7506,-68.5145,27.7,74,100,11.01,overcast clouds
419,Berlevag,NO,70.8578,29.0864,40.95,81,55,23.02,broken clouds
420,Kununurra,AU,-15.7667,128.7333,100.38,32,46,5.75,scattered clouds
421,Swan Hill,AU,-35.3378,143.5544,60.71,40,68,14.54,broken clouds
422,San Rafael,AR,-34.6177,-68.3301,64.99,19,50,34.52,scattered clouds
423,Verkhoyansk,RU,67.5447,133.385,23.7,81,100,7.96,overcast clouds
424,Labuhan,ID,-6.8844,112.2051,87.85,62,100,8.05,overcast clouds
425,Adre,TD,13.4667,22.2,79.66,35,80,7.63,broken clouds
426,Charters Towers,AU,-20.1,146.2667,89.17,30,1,14.16,clear sky
427,Trinidad,BO,-14.8333,-64.9,66.45,97,100,1.43,overcast clouds
428,Cassilandia,BR,-19.1133,-51.7342,65.86,65,100,3.36,overcast clouds
429,Minchinabad,PK,30.163,73.5685,90.18,40,0,10.76,clear sky
430,Sakaraha,MG,-22.9,44.5333,89.6,18,0,6.76,clear sky
431,Puerto Madero,MX,14.7208,-92.4215,77.7,87,91,6.04,overcast clouds
432,Batemans Bay,AU,-35.7167,150.1833,59.09,95,100,10.47,light rain
433,Shawville,CA,45.6001,-76.4827,36.82,72,78,7.0,broken clouds
434,Agutaya,PH,11.148,120.9417,83.91,75,100,14.5,overcast clouds
435,Marathon,US,44.9,-89.7668,36.64,87,0,5.75,clear sky
436,Key Largo,US,25.0865,-80.4473,79.0,74,1,10.67,clear sky
437,Grand Gaube,MU,-20.0064,57.6608,76.37,62,72,11.01,broken clouds
438,Okhotsk,RU,59.3833,143.3,33.76,45,97,8.57,overcast clouds
439,Krumovgrad,BG,41.4667,25.65,65.03,65,2,5.97,clear sky
440,Baoshan,CN,46.5586,131.4244,53.85,40,76,3.8,broken clouds
441,Vostok,RU,46.4856,135.8833,44.96,41,23,6.46,few clouds
442,Ruma,RS,45.0081,19.8222,59.86,83,79,7.45,broken clouds
443,Akdepe,TM,42.0551,59.3788,64.27,48,0,10.45,clear sky
444,Praia Da Vitoria,PT,38.7333,-27.0667,66.76,94,61,4.94,broken clouds
445,Tecoanapa,MX,16.5167,-98.75,77.97,88,72,4.76,broken clouds
446,Scurtu Mare,RO,44.35,25.2667,61.86,63,82,3.78,broken clouds
447,Sucua,EC,-2.4667,-78.1667,65.75,96,95,3.31,overcast clouds
448,Mastic Beach,US,40.7668,-72.8521,58.21,79,55,5.99,broken clouds
449,Kemi,FI,65.8596,24.8228,47.97,93,20,9.22,few clouds
450,Tono,JP,39.3167,141.5333,56.43,75,85,3.04,overcast clouds
451,Baruun-Urt,MN,46.6806,113.2792,36.21,32,100,21.74,overcast clouds
452,Santa Rosalia,MX,27.3167,-112.2833,80.08,51,35,2.35,scattered clouds
453,Uusikaupunki,FI,60.8004,21.4084,53.82,83,100,20.8,light rain
454,Cornelio Procopio,BR,-23.1811,-50.6467,54.48,89,56,2.3,broken clouds
455,Ripoll,ES,42.2006,2.1903,58.78,96,96,3.24,overcast clouds
456,Morris,US,40.8334,-74.5329,54.79,68,100,9.22,overcast clouds
457,Ippy,CF,6.2679,21.2247,68.54,96,99,2.68,overcast clouds
458,Warmbad,NA,-28.45,18.7333,75.13,13,1,10.71,clear sky
459,The Valley,AI,18.217,-63.0578,82.09,74,32,17.92,scattered clouds
460,Egvekinot,RU,66.3167,-179.1667,16.43,84,96,7.99,overcast clouds
461,Totma,RU,59.9747,42.7642,46.96,90,100,9.78,overcast clouds
462,Kulhudhuffushi,MV,6.6221,73.07,81.7,73,94,16.22,overcast clouds
463,Shaowu,CN,27.3409,117.4831,78.13,55,83,0.78,broken clouds
464,Silver City,US,32.7701,-108.2803,52.68,92,100,3.0,overcast clouds
465,Oranjemund,NA,-28.55,16.4333,58.51,86,11,7.56,few clouds
466,Novaya Zaimka,RU,56.4857,66.9241,46.96,74,63,9.4,broken clouds
467,Hasaki,JP,35.7333,140.8333,72.28,62,100,15.9,overcast clouds
468,Khuzhir,RU,53.1939,107.3397,39.97,49,18,4.7,few clouds
469,Zinder,NE,13.8072,8.9881,81.93,48,49,3.33,scattered clouds
470,Honiara,SB,-9.4333,159.95,83.97,69,40,4.47,scattered clouds
471,Zheleznodorozhnyy,RU,55.7503,38.0042,48.72,65,99,8.88,overcast clouds
472,Disraeli,CA,45.9001,-71.3491,38.21,84,100,1.01,overcast clouds
473,Gat,IL,31.61,34.7642,75.88,100,0,5.59,clear sky
474,Mahina,PF,-17.5065,-149.489,78.57,73,20,2.3,light rain
475,Nampula,MZ,-15.1165,39.2666,80.04,38,0,6.55,clear sky
476,Sandviken,SE,60.6167,16.7667,48.56,90,73,11.18,broken clouds
477,Kampenhout,BE,50.95,4.55,54.45,92,20,9.22,few clouds
478,Kavaratti,IN,10.5669,72.642,81.27,73,4,11.86,clear sky
479,Mabaruma,GY,8.2,-59.7833,74.07,99,79,1.79,broken clouds
480,Lingao,CN,19.9103,109.6859,81.7,80,82,15.75,moderate rain
481,Fairbanks,US,64.8378,-147.7164,38.61,90,100,2.86,overcast clouds
482,Mulanje,MW,-16.0316,35.5,83.5,31,0,4.97,clear sky
483,Jinchang,CN,38.4953,102.1739,48.33,17,7,24.36,clear sky
484,Podporozhye,RU,60.9112,34.1706,48.43,84,100,12.37,overcast clouds
485,Alushta,UA,44.6667,34.4167,65.46,61,3,14.65,clear sky
486,Kidero,RU,42.1932,45.9614,52.97,69,65,4.92,broken clouds
487,Ryotsu,JP,38.0833,138.4333,62.47,66,68,13.15,broken clouds
488,Amnat Charoen,TH,15.9167,104.75,87.48,63,92,9.4,light rain
489,Pietarsaari,FI,63.65,22.6833,51.01,86,97,15.05,overcast clouds
490,Adrar,MR,20.5022,-10.0711,84.49,24,27,7.36,scattered clouds
491,Ketchikan,US,55.3422,-131.6461,55.56,85,68,2.84,broken clouds
492,Fassuta,IL,33.0483,35.3098,70.81,64,0,3.11,clear sky
493,Ulcinj,ME,41.9294,19.2244,57.97,59,78,5.21,broken clouds
494,Catamarca,AR,-28.4696,-65.7852,70.77,31,1,8.25,clear sky
495,Ahmadpur Sial,PK,30.6754,71.7483,92.41,32,0,2.39,clear sky
496,Awjilah,LY,29.1081,21.2869,66.94,51,19,5.59,few clouds
497,Vila Franca Do Campo,PT,37.7167,-25.4333,71.2,84,87,4.25,overcast clouds
498,Carolina,PR,18.3808,-65.9574,80.76,91,3,7.36,clear sky
499,Kamenka,RU,51.3223,42.7678,51.6,74,0,2.84,clear sky
500,Samarai,PG,-10.6167,150.6667,83.52,73,49,11.05,scattered clouds
501,Dunmore Town,BS,25.5,-76.65,82.36,73,10,15.3,clear sky
502,Palmer,US,42.1584,-72.3287,51.35,73,20,5.75,few clouds
503,Cervo,ES,43.6702,-7.4101,60.89,86,99,15.48,overcast clouds
504,Encruzilhada Do Sul,BR,-30.5439,-52.5219,49.59,93,0,3.53,clear sky
505,Saint Anthony,US,45.0205,-93.218,38.25,82,0,6.91,clear sky
506,Cadereyta,MX,25.5833,-99.9833,70.18,74,100,1.48,overcast clouds
507,Gonda,IN,27.1333,81.9333,78.46,80,98,7.52,overcast clouds
508,Vredendal,ZA,-31.6683,18.5012,68.7,27,31,1.39,scattered clouds
509,Kingsport,US,36.5484,-82.5618,56.71,86,53,2.93,broken clouds
510,Kloulklubed,PW,7.0419,134.2556,84.56,68,99,5.57,overcast clouds
511,Corn Island,NI,12.1694,-83.0418,82.63,76,100,14.14,overcast clouds
512,Fuerte Olimpo,PY,-21.0415,-57.8738,61.27,71,0,4.25,clear sky
513,Damara,CF,4.9608,18.7035,71.67,91,89,1.23,overcast clouds
514,Lexington,US,37.9887,-84.4777,44.94,64,1,7.72,clear sky
515,College,US,64.8569,-147.8028,38.07,92,100,1.99,overcast clouds
516,Karaton,ID,-6.3424,106.1045,86.11,60,100,5.44,heavy intensity rain
517,Moramanga,MG,-18.9333,48.2,68.9,50,26,5.5,scattered clouds
518,Gazojak,TM,41.1875,61.4036,65.75,38,1,9.15,clear sky
519,Ulladulla,AU,-35.35,150.4667,61.7,95,100,11.21,moderate rain
520,Mogok,MM,22.9167,96.5,78.91,61,6,3.24,clear sky
521,Iralaya,HN,15.0,-83.2333,78.46,86,100,9.08,overcast clouds
522,Chihuahua,MX,28.5,-106.0,62.56,66,76,4.36,broken clouds
523,Culebra,PR,18.303,-65.301,80.64,82,0,8.99,clear sky
524,Port Hedland,AU,-20.3167,118.5667,91.45,27,31,17.27,scattered clouds
525,Tromso,NO,69.6496,18.957,44.62,81,75,11.5,broken clouds
526,Charyshskoye,RU,51.3978,83.5598,61.7,41,28,1.23,scattered clouds
527,Jasper,US,37.2001,-94.3502,51.67,62,60,1.99,broken clouds
528,Kijang,KR,35.2442,129.2139,64.81,51,87,15.73,overcast clouds
529,Sakakah,SA,29.9697,40.2064,84.2,13,7,6.51,clear sky
530,Honningsvag,NO,70.9821,25.9704,42.55,75,40,20.71,scattered clouds
531,Porto Seguro,BR,-16.4497,-39.0647,74.44,92,99,10.31,overcast clouds
532,Qeshm,IR,26.9581,56.2719,94.87,57,0,6.11,clear sky
533,Lavrentiya,RU,65.5833,-171.0,34.52,77,57,3.04,broken clouds
534,Lucea,JM,18.451,-78.1736,79.86,79,64,16.35,broken clouds
535,Sabinas Hidalgo,MX,26.5,-100.1667,69.82,80,95,2.33,overcast clouds
536,Tautira,PF,-17.7333,-149.15,76.73,81,48,20.85,light rain
537,Nanyamba,TZ,-10.6833,39.8333,79.65,58,49,4.76,light rain
538,Niamey,NE,13.5137,2.1098,79.47,72,41,8.52,scattered clouds
539,Poso,ID,-1.3959,120.7524,86.74,66,89,4.97,overcast clouds
540,Wieliczka,PL,49.9874,20.0647,57.15,92,1,3.33,clear sky
541,Udachnyy,RU,66.4167,112.4,27.39,87,96,14.85,overcast clouds
542,Skjervoy,NO,70.0311,20.9714,41.0,76,82,6.93,broken clouds
543,Arlit,NE,18.7369,7.3853,82.71,22,4,7.29,clear sky
544,Luderitz,NA,-26.6481,15.1594,65.32,54,1,14.23,clear sky
545,Marang,MY,5.2056,103.2059,84.96,71,99,4.34,light rain
546,Baie-Saint-Paul,CA,47.4411,-70.4986,40.98,73,81,8.39,broken clouds
547,Tartagal,AR,-22.5164,-63.8013,63.55,41,0,4.47,clear sky
548,Rincon,US,32.296,-81.2354,70.86,88,0,0.0,clear sky
549,Hirara,JP,24.8,125.2833,78.89,75,71,23.44,broken clouds
550,Neryungri,RU,56.6709,124.6491,25.81,70,96,7.38,overcast clouds
551,Tres Arroyos,AR,-38.3739,-60.2798,49.57,70,100,18.81,overcast clouds
552,Slavgorodskoye,RU,53.0214,78.6435,64.78,28,100,18.14,overcast clouds
553,Leh,IN,34.1667,77.5833,48.54,32,1,4.34,clear sky
554,Voskresenskoye,RU,56.8381,45.4317,48.6,83,68,7.94,broken clouds
555,Dingle,PH,10.9995,122.6711,83.91,79,96,8.77,heavy intensity rain
556,Cayenne,GF,4.9333,-52.3333,73.44,94,6,0.0,clear sky
557,Peace River,CA,56.2501,-117.286,55.65,82,65,1.99,broken clouds
558,Gatehouse Of Fleet,GB,54.882,-4.1843,49.19,86,17,12.03,few clouds
559,Ailigandi,PA,9.2333,-78.0167,76.8,89,100,6.69,overcast clouds
560,Swindon,GB,51.558,-1.7812,45.25,90,0,6.91,clear sky
561,Luena,AO,-11.7833,19.9167,70.11,28,46,3.24,scattered clouds
562,Anahuac,MX,27.2333,-100.15,71.94,69,58,5.86,broken clouds
563,Deer Lake,CA,49.1667,-57.4316,45.81,95,100,4.7,overcast clouds
564,Eureka,US,40.8021,-124.1637,57.67,87,30,4.76,scattered clouds
565,Tierranueva,MX,21.6833,-100.5667,56.28,93,100,6.93,overcast clouds
566,Lleida,ES,41.6167,0.6167,65.68,91,0,1.14,clear sky
567,Genteng,ID,-8.3667,114.15,83.05,76,96,5.26,overcast clouds
568,Imeni Poliny Osipenko,RU,52.4201,136.4853,44.02,44,20,5.32,few clouds
569,Steamboat Springs,US,40.485,-106.8317,49.69,63,0,5.75,clear sky
570,Lundazi,ZM,-12.2929,33.1782,76.28,26,0,12.8,clear sky
571,Ordzhonikidze,KZ,52.4411,61.7408,47.32,74,98,13.06,overcast clouds
572,Broome,US,42.2506,-75.833,46.71,79,100,9.22,overcast clouds
573,Chunskiy,RU,56.0815,99.6342,41.88,62,75,4.83,broken clouds
574,Port Pirie,AU,-33.1833,138.0167,59.52,52,77,13.76,broken clouds
575,Kupang,ID,-10.1667,123.5833,89.29,58,22,6.6,few clouds
576,Kurchum,KZ,48.5722,83.6542,64.63,23,17,22.97,few clouds
577,Ravar,IR,31.2656,56.8055,75.18,7,0,8.23,clear sky
578,Hualmay,PE,-11.0964,-77.6139,60.51,85,40,8.7,scattered clouds
579,Ossora,RU,59.2353,163.0719,35.74,51,62,5.77,broken clouds
580,Tumaco,CO,1.7986,-78.8156,76.14,84,100,12.8,overcast clouds
581,Madimba,TZ,-10.4,40.3333,79.14,67,36,6.58,scattered clouds
582,Tura,IN,25.5198,90.2201,84.92,63,53,4.56,broken clouds
583,Sassandra,CI,4.95,-6.0833,73.15,95,76,2.64,broken clouds
584,Bialystok,PL,53.1333,23.15,51.96,85,93,5.99,overcast clouds
585,Kaeo,NZ,-35.1,173.7833,61.32,68,100,10.65,overcast clouds
586,Port Moresby,PG,-9.4431,147.1797,83.57,75,59,11.07,broken clouds
587,Giddalur,IN,15.35,78.9167,83.44,68,71,3.51,broken clouds
588,Melville,US,40.7934,-73.4151,58.59,73,100,8.05,overcast clouds
589,Guerrero Negro,MX,27.9769,-114.0611,70.63,83,1,8.28,clear sky
590,Cabo Rojo,PR,18.0866,-67.1457,78.98,88,4,5.66,clear sky
591,Andijon,UZ,40.7821,72.3442,70.88,34,25,2.3,scattered clouds
592,Yerbogachen,RU,61.2767,108.0108,34.54,70,100,11.97,overcast clouds
593,Cockburn Town,TC,21.4612,-71.1419,83.07,73,32,19.89,scattered clouds
594,Marsciano,IT,42.9059,12.3359,62.78,93,98,1.77,overcast clouds
595,Rio Gallegos,AR,-51.6226,-69.2181,39.83,64,14,26.84,few clouds
596,Komsomolskiy,UZ,40.4272,71.7189,70.52,28,11,2.3,few clouds
597,Sokur,RU,55.2093,83.319,50.36,46,100,14.25,overcast clouds
598,Bayir,TR,37.2687,28.2167,66.72,61,8,4.72,clear sky
599,Hongjiang,CN,27.11,109.9956,74.79,48,82,3.11,broken clouds
600,Senno,RU,59.5336,33.9167,48.25,76,65,11.65,broken clouds
601,Abha,SA,18.2164,42.5053,71.85,14,0,13.8,clear sky
602,Vung Tau,VN,10.346,107.0843,81.57,77,100,2.82,heavy intensity rain
603,Gizo,SB,-8.103,156.8419,82.29,74,47,5.82,light rain
604,Ust-Omchug,RU,61.15,149.6333,18.03,83,72,2.95,broken clouds
605,Scarborough,GB,54.2797,-0.4044,47.66,88,0,1.01,clear sky
606,Qax,AZ,41.4225,46.9242,59.99,71,89,4.16,overcast clouds
607,Tucurui,BR,-3.7661,-49.6725,73.26,88,9,3.38,clear sky
608,Atlantic City,US,39.3643,-74.4229,62.04,73,100,13.8,overcast clouds
609,Juneau,US,58.3019,-134.4197,54.1,100,89,1.5,overcast clouds
610,El Cope,PA,8.6167,-80.6,67.12,97,100,2.21,overcast clouds
611,Grand-Santi,GF,4.25,-54.3833,70.27,94,8,2.95,clear sky
612,Dawei,MM,14.0833,98.2,87.53,65,61,7.36,broken clouds
613,Yarmouth,US,41.7057,-70.2286,60.96,71,20,8.05,few clouds
614,Moranbah,AU,-22.0016,148.0466,89.38,31,1,11.92,clear sky
615,Jalu,LY,29.0331,21.5482,67.26,50,25,5.39,scattered clouds
616,Jega,NG,12.2175,4.3792,74.01,77,97,4.76,overcast clouds
617,Oktyabrskoye,RU,43.0645,44.7417,55.54,82,100,4.47,overcast clouds
618,Siguiri,GN,11.6667,-9.5,70.47,92,92,0.89,light rain
619,Ishimbay,RU,53.4545,56.0415,50.9,75,98,14.09,overcast clouds
620,Semey,KZ,50.4111,80.2275,66.42,16,0,13.42,clear sky
621,Saint-Francois,FR,46.4154,3.9054,56.68,100,75,4.61,mist
622,Waddan,LY,29.1614,16.139,66.18,66,0,2.86,clear sky
623,Straumen,NO,63.8709,11.2999,44.6,85,97,21.81,light rain
624,Saint-Michel-Des-Saints,CA,46.6834,-73.9159,29.23,87,51,8.08,broken clouds
625,Bacolod,PH,10.6667,122.95,84.81,75,71,10.4,light rain
626,Aksu,CN,41.1231,80.2644,66.99,23,97,4.85,overcast clouds
627,Casper,US,42.8666,-106.3131,47.5,70,0,3.49,clear sky
628,Lerwick,GB,60.1545,-1.1494,48.2,73,78,14.85,broken clouds
629,Uch,FR,45.3192,-0.9345,54.57,63,89,7.9,overcast clouds
630,Noumea,NC,-22.2763,166.4572,80.58,99,59,17.58,broken clouds
631,Dicabisagan,PH,17.0818,122.4157,86.11,64,52,7.81,broken clouds
632,Tessalit,ML,20.1986,1.0114,81.32,19,1,13.56,clear sky
633,Knysna,ZA,-34.0363,23.0471,68.04,50,84,2.48,broken clouds
634,Elko,US,41.0002,-115.5012,61.65,27,3,4.0,clear sky
635,Domoni,KM,-12.2569,44.5319,78.87,69,5,9.24,clear sky
636,Thayetmyo,MM,19.3167,95.1833,87.44,64,8,7.31,clear sky
637,Victor Harbor,AU,-35.5667,138.6167,57.0,64,42,1.01,scattered clouds
638,Zhanaozen,KZ,43.3,52.8,59.29,44,0,11.14,clear sky
639,Oistins,BB,13.0667,-59.5333,80.35,76,76,15.86,broken clouds
640,Salinopolis,BR,-0.6136,-47.3561,77.76,85,0,8.81,clear sky
641,Wadi Musa,JO,30.3222,35.4793,63.54,63,0,3.44,clear sky
642,Chauk,MM,20.8833,94.8167,91.22,53,8,7.67,clear sky
643,Kysyl-Syr,RU,63.8986,122.7617,29.59,77,100,7.94,overcast clouds
644,Dwarka,IN,22.2394,68.9678,85.39,71,54,14.45,broken clouds
645,Asau,RO,46.4333,26.4,52.72,86,80,1.16,broken clouds
646,Conceicao Do Araguaia,BR,-8.2578,-49.2647,75.65,56,3,1.92,clear sky
647,Batticaloa,LK,7.7102,81.6924,84.45,62,99,5.12,overcast clouds
648,Tubuala,PA,9.5167,-79.0333,77.7,86,95,7.49,overcast clouds
649,Revda,RU,56.801,59.9303,44.33,87,100,9.15,overcast clouds
650,Kavalerovo,RU,44.2661,135.0572,54.41,34,4,6.82,clear sky
651,Awbari,LY,26.5921,12.7805,68.45,50,0,6.73,clear sky
652,Kjopsvik,NO,68.097,16.3742,42.67,96,100,4.05,light rain
653,Correntina,BR,-13.3433,-44.6367,75.29,65,43,3.8,scattered clouds
654,Dodge City,US,37.7528,-100.0171,44.24,70,85,7.25,overcast clouds
655,Tazovskiy,RU,67.4667,78.7,37.02,98,100,6.98,light rain
656,Bulawayo,ZW,-20.15,28.5833,68.56,44,0,18.32,clear sky
657,Kibondo,TZ,-3.5864,30.7203,70.57,34,96,8.43,overcast clouds
658,Indramayu,ID,-6.3264,108.32,86.76,61,100,4.43,overcast clouds
659,Ambilobe,MG,-13.2,49.05,85.91,29,9,9.84,clear sky
660,Santa Isabel Do Rio Negro,BR,-0.4139,-65.0192,75.54,76,61,2.91,broken clouds
661,Longjiang,CN,47.3303,123.1836,48.97,24,100,8.08,overcast clouds
662,Diamantino,BR,-14.4086,-56.4461,66.56,81,61,4.65,broken clouds
663,Haines Junction,CA,60.7522,-137.5108,45.36,96,98,6.06,overcast clouds
664,Mengcheng,CN,33.2579,116.5655,68.83,56,86,6.31,overcast clouds
665,Alibunan,PH,11.1465,122.4591,79.95,82,97,6.87,heavy intensity rain
666,Whyalla,AU,-33.0333,137.5833,58.89,51,56,17.81,broken clouds
